{
  "timestamp": "2025-08-21T03:40:00.000Z",
  "lines": 6.665847212832647,
  "branches": 59.78473581213307,
  "functions": 32.407407407407405,
  "statements": 6.665847212832647
}
