{
  "timestamp": "2025-08-21T13:20:00.000Z",
  "lines": 7.012891794464471,
  "branches": 59.62230215827338,
  "functions": 33.985765124555165,
  "statements": 7.012891794464471
}
